"CBO ID","Ocupação","Curso ID","Curso"
4131,"Auxiliares de Contabilidade","344C01","Contabilidade"
4131,"Auxiliares de Contabilidade","344C03","Contabilidade e custos"
2348,"Professores de Ciências Sociais Aplicadas do Ensino Superior","344C02","Ciências contábeis"
2522,"Contadores","344C02","Ciências contábeis"
4102,"Supervisores Financeiros","344C02","Ciências contábeis"
4131,"Auxiliares de Contabilidade","344C02","Ciências contábeis"
2131,"Físicos","441A01","Acústica"
2031,"Pesquisadores das Ciências Naturais e Exatas","462C01","Ciência atuarial"
2111,"Profissionais da Matemática","462C01","Ciência atuarial"
2341,"Professores de Exatas do Ensino Superior","462C01","Ciência atuarial"
2531,"Relações Públicas","342P02","Publicidade e propaganda"
2032,"Pesquisadores de Engenharia e Tecnologia",525E04,"Engenharia aeronáutica"
2144,"Engenheiros Mecânicos",525E04,"Engenharia aeronáutica"
2343,"Professores de Arquitetura e Engenharia do Ensino Superior",525E04,"Engenharia aeronáutica"
2032,"Pesquisadores de Engenharia e Tecnologia",525E03,"Engenharia aeroespacial"
2144,"Engenheiros Mecânicos",525E03,"Engenharia aeroespacial"
2343,"Professores de Arquitetura e Engenharia do Ensino Superior",525E03,"Engenharia aeroespacial"
2144,"Engenheiros Mecânicos","525T01","Tecnologia aeroespacial"
2034,"Pesquisadores das Ciências da Agricultura","621C02","Ciências agrárias"
2034,"Pesquisadores das Ciências da Agricultura","621A03","Agroindústria"
2034,"Pesquisadores das Ciências da Agricultura",621E02,"Empresas agrícolas / operação de agroindústrias"
2034,"Pesquisadores das Ciências da Agricultura","621A06","Agroecologia"
2034,"Pesquisadores das Ciências da Agricultura",621E03,"Engenharia agrícola"
2221,"Engenheiros Agrossilvipecuários",621E03,"Engenharia agrícola"
2034,"Pesquisadores das Ciências da Agricultura","621A02","Agroexploração"
2034,"Pesquisadores das Ciências da Agricultura","621M02","Manejo da produção agrícola"
2034,"Pesquisadores das Ciências da Agricultura","621A01","Agricultura"
2034,"Pesquisadores das Ciências da Agricultura","621A05","Agropecuária"
2034,"Pesquisadores das Ciências da Agricultura","620A01","Agricultura, engenharia florestal e pesca"
1221,"Diretores de Produção e Operações Agropecuária","621A04","Agronomia"
2011,"Profissionais da Biotecnologia","621A04","Agronomia"
2034,"Pesquisadores das Ciências da Agricultura","621A04","Agronomia"
2221,"Engenheiros Agrossilvipecuários","621A04","Agronomia"
2321,"Professores do Ensino Médio","146F01","Formação de professor de agronomia"
2144,"Engenheiros Mecânicos","525M01","Manutenção aeronáutica"
2033,"Pesquisadores das Ciências da Saúde","721A01","Anatomia"
2231,"Médicos","721A01","Anatomia"
2344,"Professores de Ciências Biomédicas do Ensino Superior","721A01","Anatomia"
2030,"Pesquisadores das Ciências Biológicas","421Z01","Zoologia"
2344,"Professores de Ciências Biomédicas do Ensino Superior","421Z01","Zoologia"
2033,"Pesquisadores das Ciências da Saúde","641R01","Reprodução animal (ciência)"
2344,"Professores de Ciências Biomédicas do Ensino Superior","641R01","Reprodução animal (ciência)"
2033,"Pesquisadores das Ciências da Saúde","641C02","Cuidados com a saúde animal"
2034,"Pesquisadores das Ciências da Agricultura","621M03","Manejo da produção animal"
2034,"Pesquisadores das Ciências da Agricultura","621C05","Criação de animais"
2321,"Professores do Ensino Médio","145F23","Formação de professor de antropologia"
2031,"Pesquisadores das Ciências Naturais e Exatas","461M02","Matemática aplicada"
2111,"Profissionais da Matemática","461M02","Matemática aplicada"
2341,"Professores de Exatas do Ensino Superior","461M02","Matemática aplicada"
2031,"Pesquisadores das Ciências Naturais e Exatas","441F03","Física aplicada"
2131,"Físicos","441F03","Física aplicada"
2342,"Professores de Física e Química do Ensino Superior","441F03","Física aplicada"
2031,"Pesquisadores das Ciências Naturais e Exatas",462E02,"Estatística aplicada"
2112,"Profissionais de Estatística",462E02,"Estatística aplicada"
2341,"Professores de Exatas do Ensino Superior",462E02,"Estatística aplicada"
2034,"Pesquisadores das Ciências da Agricultura","624A01","Aqüicultura"
2035,"Pesquisadores das Ciências Sociais e Humanas","225A01","Arqueologia"
2511,"Antropologistas","225A01","Arqueologia"
2035,"Pesquisadores das Ciências Sociais e Humanas","581A01","Arquitetura"
2141,"Arquitetos e Urbanistas","581A01","Arquitetura"
2343,"Professores de Arquitetura e Engenharia do Ensino Superior","581A01","Arquitetura"
2035,"Pesquisadores das Ciências Sociais e Humanas","581A05","Arquitetura e urbanismo"
2141,"Arquitetos e Urbanistas","581A05","Arquitetura e urbanismo"
2141,"Arquitetos e Urbanistas","581A05","Arquitetura e urbanismo"
2343,"Professores de Arquitetura e Engenharia do Ensino Superior","581A05","Arquitetura e urbanismo"
2343,"Professores de Arquitetura e Engenharia do Ensino Superior","581A05","Arquitetura e urbanismo"
2629,"Designer de Interiores","581A05","Arquitetura e urbanismo"
2141,"Arquitetos e Urbanistas","581D01","Desenho arquitetônico"
2347,"Professores de Ciências Humanas do Ensino Superior","322A01","Arquivologia"
2612,"Cientistas da Informação","322A01","Arquivologia"
2613,"Arquivistas e Museólogos","322A01","Arquivologia"
2624,"Artistas Visuais",211E03,"Estudos de arte"
2624,"Artistas Visuais","211D01","Desenho (artístico)"
2624,"Artistas Visuais","211D01","Desenho (artístico)"
2321,"Professores do Ensino Médio","146F02","Formação de professor de artes (educação artística)"
2349,"Professores de Artes do Ensino Superior","146F02","Formação de professor de artes (educação artística)"
2614,"Filólogos, Tradutores e Intérpretes","223C01","Comunicação assistiva"
2031,"Pesquisadores das Ciências Naturais e Exatas","441A03","Astronomia"
2131,"Físicos","441A03","Astronomia"
2133,"Profissionais de Astronomia e Afins","441A03","Astronomia"
2342,"Professores de Física e Química do Ensino Superior","441A03","Astronomia"
2031,"Pesquisadores das Ciências Naturais e Exatas","441A02","Astrofísica"
2131,"Físicos","441A02","Astrofísica"
2133,"Profissionais de Astronomia e Afins","441A02","Astrofísica"
2032,"Pesquisadores de Engenharia e Tecnologia",525E05,"Engenharia automotiva"
2144,"Engenheiros Mecânicos",525E05,"Engenharia automotiva"
2343,"Professores de Arquitetura e Engenharia do Ensino Superior",525E05,"Engenharia automotiva"
2144,"Engenheiros Mecânicos","525S01","Sistema Automotivos (Experimental)"
2144,"Engenheiros Mecânicos","525I03","Infra-estrutura aeronáutica"
2525,"Analistas Econômico-Financeiros","343B01","Bancos e finanças"
2532,"Gerentes Bancários","343B01","Bancos e finanças"
2533,"Corretores de Valores","343B01","Bancos e finanças"
2033,"Pesquisadores das Ciências da Saúde",723E02,"Enfermagem básica"
2235,"Enfermeiros",723E02,"Enfermagem básica"
2031,"Pesquisadores das Ciências Naturais e Exatas","482S01","Softwares básicos"
2347,"Professores de Ciências Humanas do Ensino Superior","322B01","Biblioteconomia"
2612,"Cientistas da Informação","322B01","Biblioteconomia"
2523,"Secretários Executivos","220L05","Secretariado executivo bilíngüe"
2032,"Pesquisadores de Engenharia e Tecnologia",524E01,"Engenharia bioquímica"
2132,"Químicos",524E01,"Engenharia bioquímica"
2145,"Engenheiros Químicos",524E01,"Engenharia bioquímica"
2343,"Professores de Arquitetura e Engenharia do Ensino Superior",524E01,"Engenharia bioquímica"
2033,"Pesquisadores das Ciências da Saúde","727F02","Farmácia bioquímica"
2145,"Engenheiros Químicos","524T04","Tecnologias bioquímicas"
2011,"Profissionais da Biotecnologia","421B09","Bioquímica"
2030,"Pesquisadores das Ciências Biológicas","421B09","Bioquímica"
2234,"Farmacêuticos","421B09","Bioquímica"
2344,"Professores de Ciências Biomédicas do Ensino Superior","421B09","Bioquímica"
2030,"Pesquisadores das Ciências Biológicas","421C01","Ciências biológicas"
2211,"Biólogos","421C01","Ciências biológicas"
2344,"Professores de Ciências Biomédicas do Ensino Superior","421C01","Ciências biológicas"
1221,"Diretores de Produção e Operações Agropecuária","421B02","Biologia"
2011,"Profissionais da Biotecnologia","421B02","Biologia"
2030,"Pesquisadores das Ciências Biológicas","421B02","Biologia"
2211,"Biólogos","421B02","Biologia"
2344,"Professores de Ciências Biomédicas do Ensino Superior","421B02","Biologia"
2030,"Pesquisadores das Ciências Biológicas","421B04","Biologia - modalidade médica"
2211,"Biólogos","421B04","Biologia - modalidade médica"
2344,"Professores de Ciências Biomédicas do Ensino Superior","421B04","Biologia - modalidade médica"
2321,"Professores do Ensino Médio","145F01","Formação de professor de biologia"
2011,"Profissionais da Biotecnologia",520E08,"Engenharia Biomédica"
2032,"Pesquisadores de Engenharia e Tecnologia",520E08,"Engenharia Biomédica"
2343,"Professores de Arquitetura e Engenharia do Ensino Superior",520E08,"Engenharia Biomédica"
2011,"Profissionais da Biotecnologia","421B07","Biomedicina"
2030,"Pesquisadores das Ciências Biológicas","421B07","Biomedicina"
2212,"Biomédicos","421B07","Biomedicina"
2344,"Professores de Ciências Biomédicas do Ensino Superior","421B07","Biomedicina"
2030,"Pesquisadores das Ciências Biológicas","421B01","Biofísica"
2131,"Físicos","421B01","Biofísica"
2344,"Professores de Ciências Biomédicas do Ensino Superior","421B01","Biofísica"
2031,"Pesquisadores das Ciências Naturais e Exatas","442Q09","Química de biotecnologia"
2132,"Químicos","442Q09","Química de biotecnologia"
2342,"Professores de Física e Química do Ensino Superior","442Q09","Química de biotecnologia"
2011,"Profissionais da Biotecnologia",524E02,"Engenharia de biotecnologia"
2032,"Pesquisadores de Engenharia e Tecnologia",524E02,"Engenharia de biotecnologia"
2132,"Químicos",524E02,"Engenharia de biotecnologia"
2145,"Engenheiros Químicos",524E02,"Engenharia de biotecnologia"
2343,"Professores de Arquitetura e Engenharia do Ensino Superior",524E02,"Engenharia de biotecnologia"
2033,"Pesquisadores das Ciências da Saúde","727F03","Farmácia bromatológica"
8103,"Supervisores de Produção de Farmacêuticos","727F03","Farmácia bromatológica"
8103,"Supervisores de Produção de Farmacêuticos","727F03","Farmácia bromatológica"
2142,"Engenheiros Civis","582T02","Tecnologia de edificação"
2331,"Professores do Ensino Profissional","146F27","Formação de professor de administração"
2332,"Instrutores do Ensino Profissional","146F27","Formação de professor de administração"
2525,"Analistas Econômico-Financeiros","343M01","Mercado de capitais"
2532,"Gerentes Bancários","343M01","Mercado de capitais"
2533,"Corretores de Valores","343M01","Mercado de capitais"
2032,"Pesquisadores de Engenharia e Tecnologia",582E02,"Engenharia cartográfica"
2032,"Pesquisadores de Engenharia e Tecnologia",524E07,"Engenharia química"
2132,"Químicos",524E07,"Engenharia química"
2145,"Engenheiros Químicos",524E07,"Engenharia química"
2343,"Professores de Arquitetura e Engenharia do Ensino Superior",524E07,"Engenharia química"
2032,"Pesquisadores de Engenharia e Tecnologia",524E05,"Engenharia industrial química"
2132,"Químicos",524E05,"Engenharia industrial química"
2145,"Engenheiros Químicos",524E05,"Engenharia industrial química"
2343,"Professores de Arquitetura e Engenharia do Ensino Superior",524E05,"Engenharia industrial química"
2032,"Pesquisadores de Engenharia e Tecnologia",524E03,"Engenharia de processos químicos"
2132,"Químicos",524E03,"Engenharia de processos químicos"
2145,"Engenheiros Químicos",524E03,"Engenharia de processos químicos"
2343,"Professores de Arquitetura e Engenharia do Ensino Superior",524E03,"Engenharia de processos químicos"
2032,"Pesquisadores de Engenharia e Tecnologia",524E04,"Engenharia de produção química"
2132,"Químicos",524E04,"Engenharia de produção química"
2145,"Engenheiros Químicos",524E04,"Engenharia de produção química"
2343,"Professores de Arquitetura e Engenharia do Ensino Superior",524E04,"Engenharia de produção química"
2145,"Engenheiros Químicos","524T03","Tecnologia química"
2011,"Profissionais da Biotecnologia","442Q01","Química"
2031,"Pesquisadores das Ciências Naturais e Exatas","442Q01","Química"
2132,"Químicos","442Q01","Química"
2342,"Professores de Física e Química do Ensino Superior","442Q01","Química"
2321,"Professores do Ensino Médio","145F21","Formação de professor de química"
2311,"Professores na Educação Infantil",142E03,"Educação infantil"
2311,"Professores na Educação Infantil","143F02","Formação de professor de educação infantil"
2321,"Professores do Ensino Médio","145F04","Formação de professor de educação cívica"
2331,"Professores do Ensino Profissional","146F06","Formação de professor de construção civil"
2332,"Instrutores do Ensino Profissional","146F06","Formação de professor de construção civil"
1413,"Gerentes em Construção",582E03,"Engenharia civil"
2032,"Pesquisadores de Engenharia e Tecnologia",582E03,"Engenharia civil"
2142,"Engenheiros Civis",582E03,"Engenharia civil"
2343,"Professores de Arquitetura e Engenharia do Ensino Superior",582E03,"Engenharia civil"
2543,"Auditores Fiscais do Trabalho",582E03,"Engenharia civil"
2032,"Pesquisadores de Engenharia e Tecnologia",523E08,"Engenharia de redes de comunicação"
2123,"Administradores de Tecnologia da Informação",523E08,"Engenharia de redes de comunicação"
2143,"Engenheiros Eletricistas",523E08,"Engenharia de redes de comunicação"
2343,"Professores de Arquitetura e Engenharia do Ensino Superior",523E08,"Engenharia de redes de comunicação"
2123,"Administradores de Tecnologia da Informação","523S01","Sistemas de comunicação"
2032,"Pesquisadores de Engenharia e Tecnologia",523E05,"Engenharia de comunicações"
2343,"Professores de Arquitetura e Engenharia do Ensino Superior",523E05,"Engenharia de comunicações"
2141,"Arquitetos e Urbanistas","581D02","Desenvolvimento comunitário"
2033,"Pesquisadores das Ciências da Saúde","727F04","Farmácia de manipulação"
8103,"Supervisores de Produção de Farmacêuticos","727F04","Farmácia de manipulação"
8103,"Supervisores de Produção de Farmacêuticos","727F04","Farmácia de manipulação"
2031,"Pesquisadores das Ciências Naturais e Exatas","461M03","Matemática computacional (informática)"
2111,"Profissionais da Matemática","461M03","Matemática computacional (informática)"
2341,"Professores de Exatas do Ensino Superior","461M03","Matemática computacional (informática)"
2321,"Professores do Ensino Médio","146F05","Formação de professor de computação (informática)"
2031,"Pesquisadores das Ciências Naturais e Exatas","481A02","Arquitetura de computadores"
2122,"Engenheiros em Computação","481A02","Arquitetura de computadores"
2032,"Pesquisadores de Engenharia e Tecnologia",523E04,"Engenharia de computação"
2122,"Engenheiros em Computação",523E04,"Engenharia de computação"
2343,"Professores de Arquitetura e Engenharia do Ensino Superior",523E04,"Engenharia de computação"
2031,"Pesquisadores das Ciências Naturais e Exatas",481E01,"Engenharia de computação (hardware)"
2122,"Engenheiros em Computação",481E01,"Engenharia de computação (hardware)"
2341,"Professores de Exatas do Ensino Superior",481E01,"Engenharia de computação (hardware)"
2031,"Pesquisadores das Ciências Naturais e Exatas","481C02","Computação gráfica"
2123,"Administradores de Tecnologia da Informação","523R01","Redes de computadores"
2031,"Pesquisadores das Ciências Naturais e Exatas","483P02","Programação de computadores"
2124,"Analistas de Tecnologia da Informação","483P02","Programação de computadores"
2031,"Pesquisadores das Ciências Naturais e Exatas","481C01","Ciência da computação"
2122,"Engenheiros em Computação","481C01","Ciência da computação"
2341,"Professores de Exatas do Ensino Superior","481C01","Ciência da computação"
2031,"Pesquisadores das Ciências Naturais e Exatas","481T03","Tecnologia em informática"
2124,"Analistas de Tecnologia da Informação","481T03","Tecnologia em informática"
2032,"Pesquisadores de Engenharia e Tecnologia",582E04,"Engenharia de construção"
2142,"Engenheiros Civis",582E04,"Engenharia de construção"
2343,"Professores de Arquitetura e Engenharia do Ensino Superior",582E04,"Engenharia de construção"
2142,"Engenheiros Civis","582C05","Construção de edificações"
2142,"Engenheiros Civis","582C06","Construção de estradas"
2142,"Engenheiros Civis","582T01","Tecnologia de construção"
2032,"Pesquisadores de Engenharia e Tecnologia",523E11,"Engenharia de controle e automação"
2143,"Engenheiros Eletricistas",523E11,"Engenharia de controle e automação"
2343,"Professores de Arquitetura e Engenharia do Ensino Superior",523E11,"Engenharia de controle e automação"
2032,"Pesquisadores de Engenharia e Tecnologia",523E06,"Engenharia de controle"
2343,"Professores de Arquitetura e Engenharia do Ensino Superior",523E06,"Engenharia de controle"
2145,"Engenheiros Químicos","524R01","Refinamento de petróleo"
2034,"Pesquisadores das Ciências da Agricultura","624C03","Cultura de crustáceos e mariscos"
2621,"Produtores Artísticos e Culturais","213P07","Produção Cultural"
2622,"Diretores de Espetáculos","213P07","Produção Cultural"
2035,"Pesquisadores das Ciências Sociais e Humanas","225H03","História da cultura"
2033,"Pesquisadores das Ciências da Saúde","721C05","Citologia"
2211,"Biólogos","721C05","Citologia"
2231,"Médicos","721C05","Citologia"
2344,"Professores de Ciências Biomédicas do Ensino Superior","721C05","Citologia"
2222,"Engenheiros de Alimentos","541I02","Indústrias de laticínios (industriais)"
2623,"Cenógrafos","212D01","Dança (arte)"
2628,"Artistas da Dança","212D01","Dança (arte)"
2321,"Professores do Ensino Médio","146F07","Formação de professor de dança"
2349,"Professores de Artes do Ensino Superior","146F07","Formação de professor de dança"
2031,"Pesquisadores das Ciências Naturais e Exatas","483P01","Processamento de dados"
2124,"Analistas de Tecnologia da Informação","483P01","Processamento de dados"
2031,"Pesquisadores das Ciências Naturais e Exatas","482S04","Softwares para processamento de dados"
2123,"Administradores de Tecnologia da Informação","523T02","Tecnologia de transmissão de dados"
2031,"Pesquisadores das Ciências Naturais e Exatas","481B01","Banco de dados"
2123,"Administradores de Tecnologia da Informação","481B01","Banco de dados"
2331,"Professores do Ensino Profissional","146F33","Formação de professor de decoração"
2332,"Instrutores do Ensino Profissional","146F33","Formação de professor de decoração"
2349,"Professores de Artes do Ensino Superior","146F33","Formação de professor de decoração"
2232,"Cirurgiões-Dentistas","724H01","Higiene dental"
2033,"Pesquisadores das Ciências da Saúde","724C01","Ciência dentária"
2232,"Cirurgiões-Dentistas","724C01","Ciência dentária"
2515,"Psicólogos e Psicanalistas","311P03","Psicologia do desenvolvimento"
2143,"Engenheiros Eletricistas","523T03","Tecnologia digital"
2321,"Professores do Ensino Médio","146F22","Formação de professor de teatro (artes cênicas)"
2349,"Professores de Artes do Ensino Superior","146F22","Formação de professor de teatro (artes cênicas)"
2321,"Professores do Ensino Médio","145F03","Formação de professor de desenho"
2349,"Professores de Artes do Ensino Superior","145F03","Formação de professor de desenho"
2031,"Pesquisadores das Ciências Naturais e Exatas","482C01","Comércio eletrônico"
2124,"Analistas de Tecnologia da Informação","482C01","Comércio eletrônico"
2142,"Engenheiros Civis","582T05","Tecnologia em movimento de terra e pavimentação"
2031,"Pesquisadores das Ciências Naturais e Exatas","443C01","Ciência da terra"
2030,"Pesquisadores das Ciências Biológicas",422E01,"Ecologia"
2035,"Pesquisadores das Ciências Sociais e Humanas",314E02,"Economia"
2348,"Professores de Ciências Sociais Aplicadas do Ensino Superior",314E02,"Economia"
2512,"Economistas",314E02,"Economia"
2031,"Pesquisadores das Ciências Naturais e Exatas","482S02","Softwares para editoração e publicação"
2611,"Jornalistas","321P01","Produção editorial"
2616,"Editores","321P01","Produção editorial"
2031,"Pesquisadores das Ciências Naturais e Exatas","483I01","Informática educacional"
2394,"Outros Profissionais de Ensino","142O01","Orientação educacional"
2394,"Outros Profissionais de Ensino","142P02","Pesquisa educacional"
2523,"Secretários Executivos","346S04","Secretariado na área educacional"
2394,"Outros Profissionais de Ensino","142S01","Supervisão educacional"
2032,"Pesquisadores de Engenharia e Tecnologia",522E06,"Engenharia elétrica"
2143,"Engenheiros Eletricistas",522E06,"Engenharia elétrica"
2343,"Professores de Arquitetura e Engenharia do Ensino Superior",522E06,"Engenharia elétrica"
2032,"Pesquisadores de Engenharia e Tecnologia",522E07,"Engenharia industrial elétrica"
2143,"Engenheiros Eletricistas",522E07,"Engenharia industrial elétrica"
2343,"Professores de Arquitetura e Engenharia do Ensino Superior",522E07,"Engenharia industrial elétrica"
2143,"Engenheiros Eletricistas","522T03","Tecnologia em manutenção elétrica"
2032,"Pesquisadores de Engenharia e Tecnologia",522E05,"Engenharia de produção elétrica"
2143,"Engenheiros Eletricistas",522E05,"Engenharia de produção elétrica"
2343,"Professores de Arquitetura e Engenharia do Ensino Superior",522E05,"Engenharia de produção elétrica"
2143,"Engenheiros Eletricistas","522T01","Tecnologia elétrica"
2331,"Professores do Ensino Profissional","146F16","Formação de professor de eletricidade"
2332,"Instrutores do Ensino Profissional","146F16","Formação de professor de eletricidade"
2144,"Engenheiros Mecânicos","521T01","Tecnologia em eletromecânica"
2032,"Pesquisadores de Engenharia e Tecnologia",523E09,"Engenharia eletrônica"
2143,"Engenheiros Eletricistas",523E09,"Engenharia eletrônica"
2343,"Professores de Arquitetura e Engenharia do Ensino Superior",523E09,"Engenharia eletrônica"
2123,"Administradores de Tecnologia da Informação","523S03","Sistemas Eletrônicos (Experimental)"
2143,"Engenheiros Eletricistas","523T06","Tecnologia eletrônica"
2331,"Professores do Ensino Profissional","146F28","Formação de professor de eletrônica"
2332,"Instrutores do Ensino Profissional","146F28","Formação de professor de eletrônica"
2032,"Pesquisadores de Engenharia e Tecnologia",522E09,"Engenharia eletrotécnica"
2143,"Engenheiros Eletricistas",522E09,"Engenharia eletrotécnica"
2343,"Professores de Arquitetura e Engenharia do Ensino Superior",522E09,"Engenharia eletrotécnica"
2143,"Engenheiros Eletricistas","522T02","Tecnologia em eletrotécnica"
2012,"Profissionais da Metrologia",520E01,"Engenharia"
2032,"Pesquisadores de Engenharia e Tecnologia",520E01,"Engenharia"
2343,"Professores de Arquitetura e Engenharia do Ensino Superior",520E01,"Engenharia"
2343,"Professores de Arquitetura e Engenharia do Ensino Superior",520E01,"Engenharia"
2624,"Artistas Visuais","211G01","Gravura (artística)"
2140,"Engenheiros Ambientais","850M01","Meio ambiente"
2032,"Pesquisadores de Engenharia e Tecnologia",520E09,"Engenharia ambiental e sanitária"
2343,"Professores de Arquitetura e Engenharia do Ensino Superior",520E09,"Engenharia ambiental e sanitária"
2030,"Pesquisadores das Ciências Biológicas","421B14","Biologia ambiental"
2344,"Professores de Ciências Biomédicas do Ensino Superior","421B14","Biologia ambiental"
2032,"Pesquisadores de Engenharia e Tecnologia",520E02,"Engenharia ambiental"
2140,"Engenheiros Ambientais",520E02,"Engenharia ambiental"
2343,"Professores de Arquitetura e Engenharia do Ensino Superior",520E02,"Engenharia ambiental"
2030,"Pesquisadores das Ciências Biológicas","422C01","Ciências ambientais"
2331,"Professores do Ensino Profissional","146F37","Formação de professor em ciências ambientais"
2332,"Instrutores do Ensino Profissional","146F37","Formação de professor em ciências ambientais"
2034,"Pesquisadores das Ciências da Agricultura","621M04","Manejo de eqüinos"
2523,"Secretários Executivos","346S03","Secretariado executivo"
2525,"Analistas Econômico-Financeiros","343F02","Formação de executivos para instituições financeiras"
2532,"Gerentes Bancários","343F02","Formação de executivos para instituições financeiras"
2533,"Corretores de Valores","343F02","Formação de executivos para instituições financeiras"
2614,"Filólogos, Tradutores e Intérpretes","222L02","Línguas mortas/clássicas"
2624,"Artistas Visuais","214D02","Desenho de moda"
2621,"Produtores Artísticos e Culturais","213P01","Produção cinematográfica"
2622,"Diretores de Espetáculos","213P01","Produção cinematográfica"
2525,"Analistas Econômico-Financeiros","343F01","Finanças, bancos, seguros"
2532,"Gerentes Bancários","343F01","Finanças, bancos, seguros"
2533,"Corretores de Valores","343F01","Finanças, bancos, seguros"
2525,"Analistas Econômico-Financeiros","343N01","Negócios financeiros"
2532,"Gerentes Bancários","343N01","Negócios financeiros"
2533,"Corretores de Valores","343N01","Negócios financeiros"
2525,"Analistas Econômico-Financeiros","343A01","Análise financeira"
2532,"Gerentes Bancários","343A01","Análise financeira"
2533,"Corretores de Valores","343A01","Análise financeira"
2525,"Analistas Econômico-Financeiros","343T01","Teoria financeira"
2532,"Gerentes Bancários","343T01","Teoria financeira"
2533,"Corretores de Valores","343T01","Teoria financeira"
1221,"Diretores de Produção e Operações Agropecuária",624E01,"Engenharia de pesca"
2034,"Pesquisadores das Ciências da Agricultura",624E01,"Engenharia de pesca"
2221,"Engenheiros Agrossilvipecuários",624E01,"Engenharia de pesca"
2034,"Pesquisadores das Ciências da Agricultura","624C01","Ciência e tecnologia da pesca"
2222,"Engenheiros de Alimentos","541P04","Processamento de alimentos e bebidas"
2031,"Pesquisadores das Ciências Naturais e Exatas","442Q08","Química de alimentos"
2132,"Químicos","442Q08","Química de alimentos"
2145,"Engenheiros Químicos",541E01,"Engenharia de alimentos"
2222,"Engenheiros de Alimentos",541E01,"Engenharia de alimentos"
2222,"Engenheiros de Alimentos","541P01","Preparação de alimentos"
2222,"Engenheiros de Alimentos","541I01","Indústrias de processamento de alimentos"
2222,"Engenheiros de Alimentos","541H01","Higiene / manuseio de alimentos"
2222,"Engenheiros de Alimentos","541C03","Ciência dos alimentos"
2145,"Engenheiros Químicos","541T01","Tecnologia de alimentos"
2222,"Engenheiros de Alimentos","541T01","Tecnologia de alimentos"
2321,"Professores do Ensino Médio","145F13","Formação de professor de língua/literatura estrangeira clássica"
2321,"Professores do Ensino Médio","145F14","Formação de professor de língua/literatura estrangeira moderna"
2034,"Pesquisadores das Ciências da Agricultura",623E01,"Engenharia florestal"
2221,"Engenheiros Agrossilvipecuários",623E01,"Engenharia florestal"
2034,"Pesquisadores das Ciências da Agricultura","621F01","Fruticultura"
2711,"Profissionais em Gastronomia","811G01","Gastronomia"
2711,"Profissionais em Gastronomia","811G02","Gastronomia (Tecnólogo)"
2033,"Pesquisadores das Ciências da Saúde","721M02","Medicina geral"
2231,"Médicos","721M02","Medicina geral"
2251,"Médicos Clínicos","721M02","Medicina geral"
2252,"Médicos Cirurgiões","721M02","Medicina geral"
2253,"Médicos em Medicina Diagnóstica e Terapêutica","721M02","Medicina geral"
2344,"Professores de Ciências Biomédicas do Ensino Superior","721M02","Medicina geral"
2011,"Profissionais da Biotecnologia","421G01","Genética"
2030,"Pesquisadores das Ciências Biológicas","421G01","Genética"
2211,"Biólogos","421G01","Genética"
2344,"Professores de Ciências Biomédicas do Ensino Superior","421G01","Genética"
2031,"Pesquisadores das Ciências Naturais e Exatas","443G04","Geografia"
2347,"Professores de Ciências Humanas do Ensino Superior","443G04","Geografia"
2513,"Geógrafos","443G04","Geografia"
2031,"Pesquisadores das Ciências Naturais e Exatas","443G05","Geografia (natureza)"
2321,"Professores do Ensino Médio","145F10","Formação de professor de geografia"
2032,"Pesquisadores de Engenharia e Tecnologia",544E06,"Engenharia geológica"
2343,"Professores de Arquitetura e Engenharia do Ensino Superior",544E06,"Engenharia geológica"
2031,"Pesquisadores das Ciências Naturais e Exatas","443G06","Geologia"
2134,"Geólogos e Afins","443G06","Geologia"
2343,"Professores de Arquitetura e Engenharia do Ensino Superior","443G06","Geologia"
2343,"Professores de Arquitetura e Engenharia do Ensino Superior","443G06","Geologia"
2331,"Professores do Ensino Profissional","146F18","Formação de professor de geologia"
2332,"Instrutores do Ensino Profissional","146F18","Formação de professor de geologia"
2031,"Pesquisadores das Ciências Naturais e Exatas","443G03","Geofísica"
2134,"Geólogos e Afins","443G03","Geofísica"
2343,"Professores de Arquitetura e Engenharia do Ensino Superior","443G03","Geofísica"
2343,"Professores de Arquitetura e Engenharia do Ensino Superior","443G03","Geofísica"
2033,"Pesquisadores das Ciências da Saúde","721G01","Gerontologia"
2231,"Médicos","721G01","Gerontologia"
2344,"Professores de Ciências Biomédicas do Ensino Superior","721G01","Gerontologia"
2624,"Artistas Visuais","213C06","Criação gráfica"
2611,"Jornalistas","213P06","Programação visual"
2033,"Pesquisadores das Ciências da Saúde","720S01","Saúde (programas ou cursos gerais)"
2033,"Pesquisadores das Ciências da Saúde","721H02","Histologia"
2211,"Biólogos","721H02","Histologia"
2231,"Médicos","721H02","Histologia"
2344,"Professores de Ciências Biomédicas do Ensino Superior","721H02","Histologia"
2035,"Pesquisadores das Ciências Sociais e Humanas","225H01","História"
2321,"Professores do Ensino Médio","145F11","Formação de professor de história"
2347,"Professores de Ciências Humanas do Ensino Superior","145F11","Formação de professor de história"
2516,"Assistentes Sociais",814E02,"Economia doméstica"
2034,"Pesquisadores das Ciências da Agricultura","622H01","Horticultura"
1415,"Gerentes de Operações em Turismo","811H02","Hotelaria"
2331,"Professores do Ensino Profissional","146F14","Formação de professor de economia doméstica"
2332,"Instrutores do Ensino Profissional","146F14","Formação de professor de economia doméstica"
2035,"Pesquisadores das Ciências Sociais e Humanas","311R01","Relações humanas"
1232,"Diretores de Recursos Humanos","345G09","Gestão de pessoal / recursos humanos"
1422,"Gerentes de Recursos Humanos","345G09","Gestão de pessoal / recursos humanos"
2524,"Profissionais de Recursos Humanos","345G09","Gestão de pessoal / recursos humanos"
2031,"Pesquisadores das Ciências Naturais e Exatas","443H02","Hidrologia"
2134,"Geólogos e Afins","443H02","Hidrologia"
2030,"Pesquisadores das Ciências Biológicas","421B12","Bioquímica industrial"
2344,"Professores de Ciências Biomédicas do Ensino Superior","421B12","Bioquímica industrial"
2031,"Pesquisadores das Ciências Naturais e Exatas","442Q04","Química industrial"
2132,"Químicos","442Q04","Química industrial"
2143,"Engenheiros Eletricistas",523E03,"Eletrônica industrial"
2032,"Pesquisadores de Engenharia e Tecnologia",520E06,"Engenharia industrial"
2149,"Engenheiros de Produção",520E06,"Engenharia industrial"
2343,"Professores de Arquitetura e Engenharia do Ensino Superior",520E06,"Engenharia industrial"
2031,"Pesquisadores das Ciências Naturais e Exatas","461M04","Matemática industrial"
2111,"Profissionais da Matemática","461M04","Matemática industrial"
2033,"Pesquisadores das Ciências da Saúde","727F05","Farmácia industrial"
8103,"Supervisores de Produção de Farmacêuticos","727F05","Farmácia industrial"
8103,"Supervisores de Produção de Farmacêuticos","727F05","Farmácia industrial"
2149,"Engenheiros de Produção","520P01","Processos industriais"
2149,"Engenheiros de Produção","520P02","Produção industrial"
2611,"Jornalistas","321I01","Informação (redação e conteúdo)"
2616,"Editores","321I01","Informação (redação e conteúdo)"
2612,"Cientistas da Informação","322C01","Ciência da informação"
2612,"Cientistas da Informação","322B02","Busca da informação"
2031,"Pesquisadores das Ciências Naturais e Exatas","483S01","Segurança da informação"
2124,"Analistas de Tecnologia da Informação","483S01","Segurança da informação"
2031,"Pesquisadores das Ciências Naturais e Exatas","483S02","Sistemas de informação"
2124,"Analistas de Tecnologia da Informação","483S02","Sistemas de informação"
2031,"Pesquisadores das Ciências Naturais e Exatas","481T01","Tecnologia da informação"
2124,"Analistas de Tecnologia da Informação","481T01","Tecnologia da informação"
2531,"Relações Públicas","342C01","Comunicação Institucional"
2525,"Analistas Econômico-Financeiros","343S01","Seguros"
2532,"Gerentes Bancários","343S01","Seguros"
2533,"Corretores de Valores","343S01","Seguros"
2141,"Arquitetos e Urbanistas","581A03","Arquitetura de interiores"
2629,"Designer de Interiores","214D01","Decoração de interiores"
2629,"Designer de Interiores","214D06","Design de interiores"
2035,"Pesquisadores das Ciências Sociais e Humanas","313R01","Relações internacionais"
2614,"Filólogos, Tradutores e Intérpretes","222I01","Intérprete"
2525,"Analistas Econômico-Financeiros","343A02","Análise de investimentos"
2532,"Gerentes Bancários","343A02","Análise de investimentos"
2533,"Corretores de Valores","343A02","Análise de investimentos"
2525,"Analistas Econômico-Financeiros","343I01","Investimentos e títulos/valores (securities)"
2532,"Gerentes Bancários","343I01","Investimentos e títulos/valores (securities)"
2533,"Corretores de Valores","343I01","Investimentos e títulos/valores (securities)"
2142,"Engenheiros Civis","582I03","Irrigação e drenagem (construção)"
2035,"Pesquisadores das Ciências Sociais e Humanas","321J01","Jornalismo"
2347,"Professores de Ciências Humanas do Ensino Superior","321J01","Jornalismo"
2611,"Jornalistas","321J01","Jornalismo"
2616,"Editores","321J01","Jornalismo"
2617,"Locutores, Comentaristas e Repórteres","321J01","Jornalismo"
2148,"Engenheiros Agrimensores e Cartógrafos","582A02","Agrimensura"
2148,"Engenheiros Agrimensores e Cartógrafos","582A03","Agrimensura e cartografia"
2331,"Professores do Ensino Profissional","146F38","Formação de professor de engenharia de agrimensura"
2332,"Instrutores do Ensino Profissional","146F38","Formação de professor de engenharia de agrimensura"
2141,"Arquitetos e Urbanistas","581P01","Paisagismo"
2346,"Professores de Letras do Ensino Superior","220L01","Letras"
2321,"Professores do Ensino Médio","145F12","Formação de professor de letras"
2614,"Filólogos, Tradutores e Intérpretes","222L01","Línguas/literaturas estrangeiras modernas"
1113,"Magistrados","380D01","Direito"
2035,"Pesquisadores das Ciências Sociais e Humanas","380D01","Direito"
2347,"Professores de Ciências Humanas do Ensino Superior","380D01","Direito"
2410,"Advogados","380D01","Direito"
2412,"Procuradores e Advogados Públicos","380D01","Direito"
2413,"Tabeliães e Registradores","380D01","Direito"
2422,"Membros do Ministério Público","380D01","Direito"
2423,"Delegados de Polícia","380D01","Direito"
2424,"Defensores Públicos","380D01","Direito"
2543,"Auditores Fiscais do Trabalho","380D01","Direito"
2523,"Secretários Executivos","346S05","Secretariado na área jurídica"
2346,"Professores de Letras do Ensino Superior","220L04","Lingüística (línguas)"
2614,"Filólogos, Tradutores e Intérpretes","222L03","Lingüística de línguas estrangeiras"
2614,"Filólogos, Tradutores e Intérpretes","223L04","Lingüística da língua vernácula"
2321,"Professores do Ensino Médio","145F22","Formação de professor de lingüística"
1232,"Diretores de Recursos Humanos","345A01","Administração"
1422,"Gerentes de Recursos Humanos","345A01","Administração"
2012,"Profissionais da Metrologia","345A01","Administração"
2035,"Pesquisadores das Ciências Sociais e Humanas","345A01","Administração"
2348,"Professores de Ciências Sociais Aplicadas do Ensino Superior","345A01","Administração"
2521,"Administradores","345A01","Administração"
2524,"Profissionais de Recursos Humanos","345A01","Administração"
4102,"Supervisores Financeiros","345A01","Administração"
1232,"Diretores de Recursos Humanos","345A04","Administração de recursos humanos"
1422,"Gerentes de Recursos Humanos","345A04","Administração de recursos humanos"
2524,"Profissionais de Recursos Humanos","345A04","Administração de recursos humanos"
2030,"Pesquisadores das Ciências Biológicas","421B03","Biologia marinha"
2211,"Biólogos","421B03","Biologia marinha"
2344,"Professores de Ciências Biomédicas do Ensino Superior","421B03","Biologia marinha"
2031,"Pesquisadores das Ciências Naturais e Exatas","443C02","Ciência marinha"
2531,"Relações Públicas","342P01","Pesquisa de mercado"
2531,"Relações Públicas","342M02","Mercadologia (marketing)"
2531,"Relações Públicas","342M01","Marketing e propaganda"
2032,"Pesquisadores de Engenharia e Tecnologia",520E04,"Engenharia de materiais"
2146,"Engenheiros Metalurgistas",520E04,"Engenharia de materiais"
2343,"Professores de Arquitetura e Engenharia do Ensino Superior",520E04,"Engenharia de materiais"
2145,"Engenheiros Químicos",543E03,"Engenharia de materiais - plástico"
2145,"Engenheiros Químicos",543E01,"Engenharia de materiais - madeira"
2145,"Engenheiros Químicos",543E05,"Engenharia de produção de materiais"
2031,"Pesquisadores das Ciências Naturais e Exatas",462E03,"Estatística matemática (teórica)"
2112,"Profissionais de Estatística",462E03,"Estatística matemática (teórica)"
2341,"Professores de Exatas do Ensino Superior",462E03,"Estatística matemática (teórica)"
2031,"Pesquisadores das Ciências Naturais e Exatas","461M01","Matemática"
2111,"Profissionais da Matemática","461M01","Matemática"
2341,"Professores de Exatas do Ensino Superior","461M01","Matemática"
2321,"Professores do Ensino Médio","145F18","Formação de professor de matemática"
2222,"Engenheiros de Alimentos","541P05","Processamento de carnes"
2032,"Pesquisadores de Engenharia e Tecnologia",521E05,"Engenharia mecânica"
2144,"Engenheiros Mecânicos",521E05,"Engenharia mecânica"
2343,"Professores de Arquitetura e Engenharia do Ensino Superior",521E05,"Engenharia mecânica"
2032,"Pesquisadores de Engenharia e Tecnologia",521E03,"Engenharia industrial mecânica"
2144,"Engenheiros Mecânicos",521E03,"Engenharia industrial mecânica"
2343,"Professores de Arquitetura e Engenharia do Ensino Superior",521E03,"Engenharia industrial mecânica"
2144,"Engenheiros Mecânicos","521M01","Manutenção mecânica"
2144,"Engenheiros Mecânicos","521T03","Tecnologia mecânica"
2144,"Engenheiros Mecânicos","521M02","Mecânica"
2331,"Professores do Ensino Profissional","146F19","Formação de professor de mecânica"
2332,"Instrutores do Ensino Profissional","146F19","Formação de professor de mecânica"
2021,"Engenheiros Mecatrônicos",523E10,"Engenharia mecatrônica"
2032,"Pesquisadores de Engenharia e Tecnologia",523E10,"Engenharia mecatrônica"
2144,"Engenheiros Mecânicos",523E10,"Engenharia mecatrônica"
2343,"Professores de Arquitetura e Engenharia do Ensino Superior",523E10,"Engenharia mecatrônica"
2021,"Engenheiros Mecatrônicos","523T04","Tecnologia mecatrônica"
2144,"Engenheiros Mecânicos","523T04","Tecnologia mecatrônica"
2033,"Pesquisadores das Ciências da Saúde","721C02","Ciência médica"
2231,"Médicos","721C02","Ciência médica"
2344,"Professores de Ciências Biomédicas do Ensino Superior","721C02","Ciência médica"
2523,"Secretários Executivos","346S06","Secretariado na área médica"
2033,"Pesquisadores das Ciências da Saúde","721M01","Medicina"
2231,"Médicos","721M01","Medicina"
2251,"Médicos Clínicos","721M01","Medicina"
2253,"Médicos em Medicina Diagnóstica e Terapêutica","721M01","Medicina"
2344,"Professores de Ciências Biomédicas do Ensino Superior","721M01","Medicina"
2543,"Auditores Fiscais do Trabalho","721M01","Medicina"
2142,"Engenheiros Civis",582E13,"Estruturas metálicas (para construção)"
2032,"Pesquisadores de Engenharia e Tecnologia",521E06,"Engenharia metalúrgica"
2144,"Engenheiros Mecânicos",521E06,"Engenharia metalúrgica"
2146,"Engenheiros Metalurgistas",521E06,"Engenharia metalúrgica"
2343,"Professores de Arquitetura e Engenharia do Ensino Superior",521E06,"Engenharia metalúrgica"
2032,"Pesquisadores de Engenharia e Tecnologia",521E02,"Engenharia de produção metalúrgica"
2144,"Engenheiros Mecânicos",521E02,"Engenharia de produção metalúrgica"
2146,"Engenheiros Metalurgistas",521E02,"Engenharia de produção metalúrgica"
2343,"Professores de Arquitetura e Engenharia do Ensino Superior",521E02,"Engenharia de produção metalúrgica"
2144,"Engenheiros Mecânicos","521T02","Tecnologia metalúrgica"
2146,"Engenheiros Metalurgistas","521T02","Tecnologia metalúrgica"
2031,"Pesquisadores das Ciências Naturais e Exatas","443M01","Meteorologia"
2133,"Profissionais de Astronomia e Afins","443M01","Meteorologia"
2134,"Geólogos e Afins","443M01","Meteorologia"
2030,"Pesquisadores das Ciências Biológicas","421M01","Microbiologia"
2211,"Biólogos","421M01","Microbiologia"
2344,"Professores de Ciências Biomédicas do Ensino Superior","421M01","Microbiologia"
2032,"Pesquisadores de Engenharia e Tecnologia",544E02,"Engenharia de produção de minas"
2147,"Engenheiros de Minas",544E02,"Engenharia de produção de minas"
2343,"Professores de Arquitetura e Engenharia do Ensino Superior",544E02,"Engenharia de produção de minas"
2147,"Engenheiros de Minas","544M02","Mineração e extração"
2032,"Pesquisadores de Engenharia e Tecnologia",544E01,"Engenharia de minas"
2147,"Engenheiros de Minas",544E01,"Engenharia de minas"
2343,"Professores de Arquitetura e Engenharia do Ensino Superior",544E01,"Engenharia de minas"
2147,"Engenheiros de Minas","544T01","Tecnologia de mineração"
2030,"Pesquisadores das Ciências Biológicas","421B05","Biologia molecular"
2211,"Biólogos","421B05","Biologia molecular"
2344,"Professores de Ciências Biomédicas do Ensino Superior","421B05","Biologia molecular"
2621,"Produtores Artísticos e Culturais","213P02","Produção de multimídia"
2622,"Diretores de Espetáculos","213P02","Produção de multimídia"
2612,"Cientistas da Informação","322D02","Documentação museológica"
2613,"Arquivistas e Museólogos","322D02","Documentação museológica"
2035,"Pesquisadores das Ciências Sociais e Humanas","225M01","Museologia"
2347,"Professores de Ciências Humanas do Ensino Superior","225M01","Museologia"
2613,"Arquivistas e Museólogos","225M01","Museologia"
2626,"Músicos Compositores","212M02","Música"
2627,"Intérpretes Musicais","212M02","Música"
2621,"Produtores Artísticos e Culturais","213P03","Produção de música gravada"
2622,"Diretores de Espetáculos","213P03","Produção de música gravada"
2321,"Professores do Ensino Médio","146F20","Formação de professor de música"
2349,"Professores de Artes do Ensino Superior","146F20","Formação de professor de música"
2239,"Terapeutas Ocupacionais","726M02","Musicoterapia"
2626,"Músicos Compositores","212R01","Regência (musical)"
2626,"Músicos Compositores","212I01","Instrumento (música)"
2614,"Filólogos, Tradutores e Intérpretes","223L03","Línguas nativas"
2032,"Pesquisadores de Engenharia e Tecnologia",525E08,"Engenharia naval"
2144,"Engenheiros Mecânicos",525E08,"Engenharia naval"
2343,"Professores de Arquitetura e Engenharia do Ensino Superior",525E08,"Engenharia naval"
2031,"Pesquisadores das Ciências Naturais e Exatas","481A01","Administração de redes"
2611,"Jornalistas","321N01","Noticiário e reportagem"
2616,"Editores","321N01","Noticiário e reportagem"
2032,"Pesquisadores de Engenharia e Tecnologia",524E06,"Engenharia nuclear"
2145,"Engenheiros Químicos",524E06,"Engenharia nuclear"
2343,"Professores de Arquitetura e Engenharia do Ensino Superior",524E06,"Engenharia nuclear"
2031,"Pesquisadores das Ciências Naturais e Exatas","461A03","Análise numérica"
2111,"Profissionais da Matemática","461A03","Análise numérica"
2341,"Professores de Exatas do Ensino Superior","461A03","Análise numérica"
2033,"Pesquisadores das Ciências da Saúde",723E01,"Enfermagem"
2235,"Enfermeiros",723E01,"Enfermagem"
2344,"Professores de Ciências Biomédicas do Ensino Superior",723E01,"Enfermagem"
2543,"Auditores Fiscais do Trabalho",723E01,"Enfermagem"
2033,"Pesquisadores das Ciências da Saúde",723E04,"Enfermagem e obstetrícia"
2235,"Enfermeiros",723E04,"Enfermagem e obstetrícia"
2331,"Professores do Ensino Profissional","146F17","Formação de professor de enfermagem"
2332,"Instrutores do Ensino Profissional","146F17","Formação de professor de enfermagem"
2237,"Nutricionistas","726N02","Nutrição"
2237,"Nutricionistas","726N01","Nutrição e dietética"
2321,"Professores do Ensino Médio","146F21","Formação de professor de nutrição e dietética"
2149,"Engenheiros de Produção","862S01","Saúde e segurança no trabalho"
2149,"Engenheiros de Produção","862S01","Saúde e segurança no trabalho"
2236,"Fisioterapeutas","726T01","Terapia ocupacional"
2239,"Terapeutas Ocupacionais","726T01","Terapia ocupacional"
2344,"Professores de Ciências Biomédicas do Ensino Superior","726T01","Terapia ocupacional"
1221,"Diretores de Produção e Operações Agropecuária","443O01","Oceanografia"
2031,"Pesquisadores das Ciências Naturais e Exatas","443O01","Oceanografia"
2134,"Geólogos e Afins","443O01","Oceanografia"
2031,"Pesquisadores das Ciências Naturais e Exatas","443O02","Oceanologia"
2134,"Geólogos e Afins","443O02","Oceanologia"
2033,"Pesquisadores das Ciências da Saúde","724O01","Odontologia"
2232,"Cirurgiões-Dentistas","724O01","Odontologia"
2344,"Professores de Ciências Biomédicas do Ensino Superior","724O01","Odontologia"
2031,"Pesquisadores das Ciências Naturais e Exatas","481S01","Sistemas operacionais"
2123,"Administradores de Tecnologia da Informação","481S01","Sistemas operacionais"
2124,"Analistas de Tecnologia da Informação","481S01","Sistemas operacionais"
2236,"Fisioterapeutas","726O01","Optometria"
2031,"Pesquisadores das Ciências Naturais e Exatas","442Q06","Química orgânica"
2132,"Químicos","442Q06","Química orgânica"
2342,"Professores de Física e Química do Ensino Superior","442Q06","Química orgânica"
2147,"Engenheiros de Minas","544R01","Rochas Ornamentais"
2033,"Pesquisadores das Ciências da Saúde","721P01","Patologia"
2231,"Médicos","721P01","Patologia"
2344,"Professores de Ciências Biomédicas do Ensino Superior","721P01","Patologia"
2321,"Professores do Ensino Médio","145F19","Formação de professor de matérias pedagógicas"
2623,"Cenógrafos","212A01","Artes cênicas"
2623,"Cenógrafos","212A02","Artes cênicas - indumentária"
2134,"Geólogos e Afins",544E05,"Extração de petróleo e gás"
2032,"Pesquisadores de Engenharia e Tecnologia",544E07,"Engenharia de petróleo"
2343,"Professores de Arquitetura e Engenharia do Ensino Superior",544E07,"Engenharia de petróleo"
2031,"Pesquisadores das Ciências Naturais e Exatas","442P01","Petrologia"
2134,"Geólogos e Afins","442P01","Petrologia"
2011,"Profissionais da Biotecnologia","727F01","Farmácia"
2033,"Pesquisadores das Ciências da Saúde","727F01","Farmácia"
2234,"Farmacêuticos","727F01","Farmácia"
2344,"Professores de Ciências Biomédicas do Ensino Superior","727F01","Farmácia"
8103,"Supervisores de Produção de Farmacêuticos","727F01","Farmácia"
8103,"Supervisores de Produção de Farmacêuticos","727F01","Farmácia"
2331,"Professores do Ensino Profissional","146F30","Formação de professor de farmácia"
2332,"Instrutores do Ensino Profissional","146F30","Formação de professor de farmácia"
2035,"Pesquisadores das Ciências Sociais e Humanas","226F01","Filosofia"
2514,"Filósofos","226F01","Filosofia"
2614,"Filólogos, Tradutores e Intérpretes","226F01","Filosofia"
2321,"Professores do Ensino Médio","145F08","Formação de professor de filosofia"
2347,"Professores de Ciências Humanas do Ensino Superior","145F08","Formação de professor de filosofia"
2331,"Professores do Ensino Profissional","146F24","Formação de professor em fonoaudiologia"
2332,"Instrutores do Ensino Profissional","146F24","Formação de professor em fonoaudiologia"
2618,"Fotógrafos","213F01","Fotografia"
2241,"Profissionais da Educação Física",720E01,"Educação física"
2344,"Professores de Ciências Biomédicas do Ensino Superior",720E01,"Educação física"
2331,"Professores do Ensino Profissional","146F15","Formação de professor de educação física"
2332,"Instrutores do Ensino Profissional","146F15","Formação de professor de educação física"
2131,"Físicos","440C01","Ciências físicas"
2012,"Profissionais da Metrologia","441F01","Física"
2031,"Pesquisadores das Ciências Naturais e Exatas","441F01","Física"
2131,"Físicos","441F01","Física"
2342,"Professores de Física e Química do Ensino Superior","441F01","Física"
2032,"Pesquisadores de Engenharia e Tecnologia",520E07,"Engenharia física"
2343,"Professores de Arquitetura e Engenharia do Ensino Superior",520E07,"Engenharia física"
2321,"Professores do Ensino Médio","145F09","Formação de professor de física"
2033,"Pesquisadores das Ciências da Saúde","726F01","Fisioterapia"
2236,"Fisioterapeutas","726F01","Fisioterapia"
2344,"Professores de Ciências Biomédicas do Ensino Superior","726F01","Fisioterapia"
2331,"Professores do Ensino Profissional","146F39","Formação de professor de fisioterapia"
2332,"Instrutores do Ensino Profissional","146F39","Formação de professor de fisioterapia"
2030,"Pesquisadores das Ciências Biológicas","421B06","Biologia vegetal"
2211,"Biólogos","421B06","Biologia vegetal"
2344,"Professores de Ciências Biomédicas do Ensino Superior","421B06","Biologia vegetal"
2624,"Artistas Visuais","211A01","Artes plásticas"
2321,"Professores do Ensino Médio","146F03","Formação de professor de artes plásticas"
2349,"Professores de Artes do Ensino Superior","146F03","Formação de professor de artes plásticas"
2624,"Artistas Visuais","211D02","Desenho e plástica"
2624,"Artistas Visuais","211D02","Desenho e plástica"
2035,"Pesquisadores das Ciências Sociais e Humanas","313C01","Ciência política"
2347,"Professores de Ciências Humanas do Ensino Superior","313C01","Ciência política"
2511,"Antropologistas","313C01","Ciência política"
2321,"Professores do Ensino Médio","145F27","Formação de professor de ciência política"
2031,"Pesquisadores das Ciências Naturais e Exatas","442Q03","Química de polímeros"
2132,"Químicos","442Q03","Química de polímeros"
2342,"Professores de Física e Química do Ensino Superior","442Q03","Química de polímeros"
2311,"Professores na Educação Infantil","143F03","Formação de professor de pré-escola"
2033,"Pesquisadores das Ciências da Saúde","723A02","Atenção primária a idosos"
2312,"Professores do Ensino Fundamental 1","144F06","Formação de professor do ensino fundamental"
2313,"Professores do Ensino Fundamental 2","144F06","Formação de professor do ensino fundamental"
2145,"Engenheiros Químicos","524T02","Tecnologia de processos"
2145,"Engenheiros Químicos","524P01","Processamento de petróleo / gás / petroquímicos"
2032,"Pesquisadores de Engenharia e Tecnologia",582E09,"Engenharia de produção civil"
2142,"Engenheiros Civis",582E09,"Engenharia de produção civil"
2343,"Professores de Arquitetura e Engenharia do Ensino Superior",582E09,"Engenharia de produção civil"
2032,"Pesquisadores de Engenharia e Tecnologia",520E05,"Engenharia de produção"
2149,"Engenheiros de Produção",520E05,"Engenharia de produção"
2343,"Professores de Arquitetura e Engenharia do Ensino Superior",520E05,"Engenharia de produção"
2032,"Pesquisadores de Engenharia e Tecnologia",521E01,"Engenharia de produção mecânica"
2144,"Engenheiros Mecânicos",521E01,"Engenharia de produção mecânica"
2343,"Professores de Arquitetura e Engenharia do Ensino Superior",521E01,"Engenharia de produção mecânica"
2145,"Engenheiros Químicos","542P03","Produção de artigos de couro"
2031,"Pesquisadores das Ciências Naturais e Exatas","481L01","Linguagens de programação (visual basic, c++ etc)"
2124,"Analistas de Tecnologia da Informação","481L01","Linguagens de programação (visual basic, c++ etc)"
2035,"Pesquisadores das Ciências Sociais e Humanas","311P06","Formação de psicólogos"
2515,"Psicólogos e Psicanalistas","311P06","Formação de psicólogos"
1232,"Diretores de Recursos Humanos","311P02","Psicologia"
1422,"Gerentes de Recursos Humanos","311P02","Psicologia"
2035,"Pesquisadores das Ciências Sociais e Humanas","311P02","Psicologia"
2347,"Professores de Ciências Humanas do Ensino Superior","311P02","Psicologia"
2515,"Psicólogos e Psicanalistas","311P02","Psicologia"
2524,"Profissionais de Recursos Humanos","311P02","Psicologia"
2321,"Professores do Ensino Médio","145F20","Formação de professor de psicologia"
2236,"Fisioterapeutas","726P02","Psicomotricidade"
2331,"Professores do Ensino Profissional","146F44","Formação de professor de psicomotricidade"
2332,"Instrutores do Ensino Profissional","146F44","Formação de professor de psicomotricidade"
2394,"Outros Profissionais de Ensino","142P03","Psicopedagogia"
2515,"Psicólogos e Psicanalistas","142P03","Psicopedagogia"
2521,"Administradores","345A10","Administração pública"
2033,"Pesquisadores das Ciências da Saúde",723E03,"Enfermagem de saúde pública"
2235,"Enfermeiros",723E03,"Enfermagem de saúde pública"
2531,"Relações Públicas","342R01","Relações públicas"
2331,"Professores do Ensino Profissional","146F34","Formação de professor em segurança pública"
2332,"Instrutores do Ensino Profissional","146F34","Formação de professor em segurança pública"
2611,"Jornalistas","321P02","Publicação (disseminação de mensagens)"
2616,"Editores","321P02","Publicação (disseminação de mensagens)"
2611,"Jornalistas","321R01","Rádio e tele-jornalismo"
2617,"Locutores, Comentaristas e Repórteres","321R01","Rádio e tele-jornalismo"
2611,"Jornalistas","213P04","Produção de rádio e tv"
2621,"Produtores Artísticos e Culturais","213P04","Produção de rádio e tv"
2622,"Diretores de Espetáculos","213P04","Produção de rádio e tv"
2611,"Jornalistas","321R02","Radialismo"
2617,"Locutores, Comentaristas e Repórteres","321R02","Radialismo"
2031,"Pesquisadores das Ciências Naturais e Exatas","441R01","Física Radiológia"
2131,"Físicos","441R01","Física Radiológia"
2236,"Fisioterapeutas","726R01","Reabilitação"
2321,"Professores do Ensino Médio","145F05","Formação de professor de educação religiosa"
2149,"Engenheiros de Produção","520S01","Sensoriamento remoto"
2142,"Engenheiros Civis","582T04","Tecnologia em estradas"
2031,"Pesquisadores das Ciências Naturais e Exatas","481R01","Robótica"
2526,"Profissionais de Segurança","345G26","Gestão da segurança"
2032,"Pesquisadores de Engenharia e Tecnologia",582E12,"Engenharia sanitária"
2142,"Engenheiros Civis",582E12,"Engenharia sanitária"
2343,"Professores de Arquitetura e Engenharia do Ensino Superior",582E12,"Engenharia sanitária"
2623,"Cenógrafos","212C02","Cenografia"
2625,"Atores","212C02","Cenografia"
2031,"Pesquisadores das Ciências Naturais e Exatas","481I01","Informática (ciência da computação)"
2321,"Professores do Ensino Médio","145F02","Formação de professor de ciências"
2321,"Professores do Ensino Médio","145F26","Formação de professor de segunda língua"
2614,"Filólogos, Tradutores e Intérpretes","222S01","Segundas línguas"
2523,"Secretários Executivos","346S01","Secretariado"
2523,"Secretários Executivos","346S02","Secretariado em língua estrangeira"
2614,"Filólogos, Tradutores e Intérpretes","222S02","Semântica de línguas estrangeiras"
2034,"Pesquisadores das Ciências da Agricultura","623S01","Silvicultura"
2347,"Professores de Ciências Humanas do Ensino Superior","312A01","Antropologia social"
2511,"Antropologistas","312A01","Antropologia social"
2035,"Pesquisadores das Ciências Sociais e Humanas","321C02","Comunicação social (redação e conteúdo)"
2347,"Professores de Ciências Humanas do Ensino Superior","321C02","Comunicação social (redação e conteúdo)"
2611,"Jornalistas","321C02","Comunicação social (redação e conteúdo)"
2616,"Editores","321C02","Comunicação social (redação e conteúdo)"
2035,"Pesquisadores das Ciências Sociais e Humanas","310C02","Ciências sociais"
2321,"Professores do Ensino Médio","145F25","Formação de professor em ciências sociais"
2347,"Professores de Ciências Humanas do Ensino Superior","762S01","Serviço social"
2516,"Assistentes Sociais","762S01","Serviço social"
2543,"Auditores Fiscais do Trabalho","762S01","Serviço social"
2035,"Pesquisadores das Ciências Sociais e Humanas",312E03,"Estudos sociais"
2321,"Professores do Ensino Médio","145F07","Formação de professor de estudos sociais"
2035,"Pesquisadores das Ciências Sociais e Humanas","312S01","Sociologia"
2321,"Professores do Ensino Médio","145F24","Formação de professor de sociologia"
2347,"Professores de Ciências Humanas do Ensino Superior","145F24","Formação de professor de sociologia"
2511,"Antropologistas","145F24","Formação de professor de sociologia"
2031,"Pesquisadores das Ciências Naturais e Exatas","481T02","Tecnologia em desenvolvimento de softwares"
2124,"Analistas de Tecnologia da Informação","481T02","Tecnologia em desenvolvimento de softwares"
2031,"Pesquisadores das Ciências Naturais e Exatas",481E02,"Engenharia de softwares"
2122,"Engenheiros em Computação",481E02,"Engenharia de softwares"
2341,"Professores de Exatas do Ensino Superior",481E02,"Engenharia de softwares"
2031,"Pesquisadores das Ciências Naturais e Exatas","482U02","Utilização de softwares"
2142,"Engenheiros Civis","582T06","Tecnologia em obras do solo"
2392,"Professores de Educação Especial",142E02,"Educação especial"
2033,"Pesquisadores das Ciências da Saúde","726F03","Fonoaudiologia"
2236,"Fisioterapeutas","726F03","Fonoaudiologia"
2238,"Fonoaudiólogos","726F03","Fonoaudiologia"
2344,"Professores de Ciências Biomédicas do Ensino Superior","726F03","Fonoaudiologia"
2031,"Pesquisadores das Ciências Naturais e Exatas",462E01,"Estatística"
2112,"Profissionais de Estatística",462E01,"Estatística"
2341,"Professores de Exatas do Ensino Superior",462E01,"Estatística"
2112,"Profissionais de Estatística","145F06","Formação de professor de estatística"
2321,"Professores do Ensino Médio","145F06","Formação de professor de estatística"
2032,"Pesquisadores de Engenharia e Tecnologia",582E10,"Engenharia estrutural"
2142,"Engenheiros Civis",582E10,"Engenharia estrutural"
2343,"Professores de Arquitetura e Engenharia do Ensino Superior",582E10,"Engenharia estrutural"
2145,"Engenheiros Químicos","541T02","Tecnologia em açúcar e álcool"
2222,"Engenheiros de Alimentos","541T02","Tecnologia em açúcar e álcool"
2033,"Pesquisadores das Ciências da Saúde","721C03","Cirurgia"
2231,"Médicos","721C03","Cirurgia"
2252,"Médicos Cirurgiões","721C03","Cirurgia"
2252,"Médicos Cirurgiões","721C03","Cirurgia"
2344,"Professores de Ciências Biomédicas do Ensino Superior","721C03","Cirurgia"
2031,"Pesquisadores das Ciências Naturais e Exatas","483A01","Análise de sistemas"
2124,"Analistas de Tecnologia da Informação","483A01","Análise de sistemas"
2031,"Pesquisadores das Ciências Naturais e Exatas","483A02","Análise e Desenvolvimento de Sistemas (Tecnólogo)"
2124,"Analistas de Tecnologia da Informação","483A02","Análise e Desenvolvimento de Sistemas (Tecnólogo)"
2313,"Professores do Ensino Fundamental 2","144F01","Formação de professor das séries finais do ensino fundamental"
2311,"Professores na Educação Infantil","144F02","Formação de professor das séries iniciais do ensino fundamental"
2312,"Professores do Ensino Fundamental 1","144F05","Formação de professor de educação infantil e séries iniciais do ensino fundamental"
2321,"Professores do Ensino Médio","146F09","Formação de professor de disciplinas do setor primário (agricultura, pecuária, etc)"
2321,"Professores do Ensino Médio","146F12","Formação de professor de disciplinas profissionalizantes do ensino médio"
2321,"Professores do Ensino Médio","146F10","Formação de professor de disciplinas do setor secundário (indústria)"
2321,"Professores do Ensino Médio","146F13","Formação de professor de disciplinas técnicas"
2321,"Professores do Ensino Médio","146F11","Formação de professor de disciplinas do setor terciário (comércio)"
2312,"Professores do Ensino Fundamental 1","142P01","Pedagogia"
2313,"Professores do Ensino Fundamental 2","142P01","Pedagogia"
2394,"Outros Profissionais de Ensino","142P01","Pedagogia"
2031,"Pesquisadores das Ciências Naturais e Exatas","442Q07","Química tecnológica"
2132,"Químicos","442Q07","Química tecnológica"
2145,"Engenheiros Químicos","541T03","Tecnologia em produção de cachaça"
2222,"Engenheiros de Alimentos","541T03","Tecnologia em produção de cachaça"
2147,"Engenheiros de Minas","544T03","Tecnologia em rochas ornamentais"
2143,"Engenheiros Eletricistas","523T01","Telecomunicações"
2032,"Pesquisadores de Engenharia e Tecnologia",523E12,"Engenharia de telecomunicações"
2143,"Engenheiros Eletricistas",523E12,"Engenharia de telecomunicações"
2343,"Professores de Arquitetura e Engenharia do Ensino Superior",523E12,"Engenharia de telecomunicações"
2143,"Engenheiros Eletricistas","523T05","Telemática"
2012,"Profissionais da Metrologia",542E03,"Engenharia têxtil"
2145,"Engenheiros Químicos",542E03,"Engenharia têxtil"
2145,"Engenheiros Químicos",542E02,"Engenharia industrial têxtil"
2145,"Engenheiros Químicos",542E01,"Engenharia de produção têxtil"
2145,"Engenheiros Químicos","542T03","Têxteis, vestuário e calçados"
2621,"Produtores Artísticos e Culturais","212T01","Teatro"
2622,"Diretores de Espetáculos","212T01","Teatro"
2623,"Cenógrafos","212T01","Teatro"
2625,"Atores","212T01","Teatro"
2631,"Profissionais de Cultos Religiosos","221T01","Teologia"
2031,"Pesquisadores das Ciências Naturais e Exatas","443T01","Topografia"
2134,"Geólogos e Afins","443T01","Topografia"
2149,"Engenheiros de Produção","520Q01","Qualidade total"
1415,"Gerentes de Operações em Turismo","812T01","Turismo"
1415,"Gerentes de Operações em Turismo","812T02","Turismo e hotelaria"
2141,"Arquitetos e Urbanistas","581P03","Planejamento de cidade e campo"
2524,"Profissionais de Recursos Humanos","140T02","Treinamento e desenvolvimento de recursos humanos"
2614,"Filólogos, Tradutores e Intérpretes","222T01","Tradutor"
2614,"Filólogos, Tradutores e Intérpretes","222T02","Tradutor e intérprete"
2523,"Secretários Executivos","220L06","Secretariado executivo trilíngüe"
2141,"Arquitetos e Urbanistas","581D04","Design e planejamento arquitetônico urbano"
2141,"Arquitetos e Urbanistas","581P04","Planejamento de cidades"
2035,"Pesquisadores das Ciências Sociais e Humanas","581U01","Urbanismo"
2141,"Arquitetos e Urbanistas","581U01","Urbanismo"
2343,"Professores de Arquitetura e Engenharia do Ensino Superior","581U01","Urbanismo"
2031,"Pesquisadores das Ciências Naturais e Exatas","482U01","Uso da internet"
2032,"Pesquisadores de Engenharia e Tecnologia",525E06,"Engenharia de veículos e motores"
2144,"Engenheiros Mecânicos",525E06,"Engenharia de veículos e motores"
2343,"Professores de Arquitetura e Engenharia do Ensino Superior",525E06,"Engenharia de veículos e motores"
2144,"Engenheiros Mecânicos","525M04","Mecânica de veículos"
2614,"Filólogos, Tradutores e Intérpretes","223L01","Língua/literatura vernácula (português)"
2321,"Professores do Ensino Médio","145F16","Formação de professor de língua/literatura vernácula e língua estrangeira clássica"
2346,"Professores de Letras do Ensino Superior","220L02","Língua/literatura vernácula e línguas/literaturas estrangeiras clássicas"
2346,"Professores de Letras do Ensino Superior","220L03","Língua/literatura vernácula e línguas/literaturas estrangeiras modernas"
2321,"Professores do Ensino Médio","145F17","Formação de professor de língua/literatura vernácula e língua estrangeira moderna"
2321,"Professores do Ensino Médio","145F15","Formação de professor de língua/literatura vernácula (português)"
1221,"Diretores de Produção e Operações Agropecuária","641M01","Medicina veterinária"
2011,"Profissionais da Biotecnologia","641M01","Medicina veterinária"
2033,"Pesquisadores das Ciências da Saúde","641M01","Medicina veterinária"
2233,"Veterinários e Zootecnistas","641M01","Medicina veterinária"
2344,"Professores de Ciências Biomédicas do Ensino Superior","641M01","Medicina veterinária"
2033,"Pesquisadores das Ciências da Saúde","641C01","Ciências veterinárias"
2623,"Cenógrafos","211A02","Artes visuais"
2624,"Artistas Visuais","211A02","Artes visuais"
2321,"Professores do Ensino Médio","146F04","Formação de professor de artes visuais"
2349,"Professores de Artes do Ensino Superior","146F04","Formação de professor de artes visuais"
2034,"Pesquisadores das Ciências da Agricultura","621V01","Viticultura"
2321,"Professores do Ensino Médio","146F29","Formação de professor de canto"
2349,"Professores de Artes do Ensino Superior","146F29","Formação de professor de canto"
2032,"Pesquisadores de Engenharia e Tecnologia",582E08,"Engenharia de recursos hídricos"
2142,"Engenheiros Civis",582E08,"Engenharia de recursos hídricos"
2343,"Professores de Arquitetura e Engenharia do Ensino Superior",582E08,"Engenharia de recursos hídricos"
2222,"Engenheiros de Alimentos","541P09","Produção de vinhos"
2035,"Pesquisadores das Ciências Sociais e Humanas","311P07","Psicologia do trabalho"
2515,"Psicólogos e Psicanalistas","311P07","Psicologia do trabalho"
1221,"Diretores de Produção e Operações Agropecuária","621Z01","Zootecnia"
2011,"Profissionais da Biotecnologia","621Z01","Zootecnia"
2034,"Pesquisadores das Ciências da Agricultura","621Z01","Zootecnia"
2233,"Veterinários e Zootecnistas","621Z01","Zootecnia"
2331,"Professores do Ensino Profissional","146F40","Formação de professor de zootecnia"
2332,"Instrutores do Ensino Profissional","146F40","Formação de professor de zootecnia"
